{"cameraMode":{"drawMode":0,"name":"Shaded","section":"Shading Mode"},"sceneLighting":true,"audioPlay":false,"sceneViewState":{"m_AlwaysRefresh":false,"showFog":true,"showSkybox":true,"showFlares":true,"showImageEffects":true,"showParticleSystems":true,"showVisualEffectGraphs":true,"m_FxEnabled":true},"in2DMode":false,"pivot":{"x":15.653178215026856,"y":43.37025833129883,"z":2.1960301399230959},"rotation":{"x":0.4589768648147583,"y":0.021854767575860025,"z":-0.01129349134862423,"w":0.8881061673164368},"size":3.8512094020843508,"orthographic":false}