{"cameraMode":{"drawMode":0,"name":"Shaded","section":"Shading Mode"},"sceneLighting":true,"audioPlay":false,"sceneViewState":{"m_AlwaysRefresh":false,"showFog":true,"showSkybox":true,"showFlares":true,"showImageEffects":true,"showParticleSystems":true,"showVisualEffectGraphs":true,"m_FxEnabled":true},"in2DMode":false,"pivot":{"x":14.051287651062012,"y":2.6474266052246095,"z":4.710842132568359},"rotation":{"x":0.18358753621578217,"y":0.11823657900094986,"z":-0.022248540073633195,"w":0.9756179451942444},"size":3.4355289936065676,"orthographic":false}