{"cameraMode":{"drawMode":0,"name":"Shaded","section":"Shading Mode"},"sceneLighting":true,"audioPlay":false,"sceneViewState":{"m_AlwaysRefresh":false,"showFog":true,"showSkybox":true,"showFlares":true,"showImageEffects":true,"showParticleSystems":true,"showVisualEffectGraphs":true,"m_FxEnabled":true},"in2DMode":false,"pivot":{"x":59.90018081665039,"y":-47.2127571105957,"z":180.55531311035157},"rotation":{"x":-0.24616779386997224,"y":0.007522354833781719,"z":-0.0020839094650000335,"w":-0.969307005405426},"size":81.39410400390625,"orthographic":false}