{"cameraMode":{"drawMode":0,"name":"Shaded","section":"Shading Mode"},"sceneLighting":true,"audioPlay":false,"sceneViewState":{"m_AlwaysRefresh":false,"showFog":true,"showSkybox":true,"showFlares":true,"showImageEffects":true,"showParticleSystems":true,"showVisualEffectGraphs":true,"m_FxEnabled":true},"in2DMode":false,"pivot":{"x":376.3993225097656,"y":92.66934967041016,"z":129.40560913085938},"rotation":{"x":0.3001043498516083,"y":-0.007158863358199596,"z":0.0022516127210110428,"w":0.9538812637329102},"size":20.4164981842041,"orthographic":false}